{"name":"36dc9e3e-f3b5-4d25-8354-210308331882","id":"/providers/Microsoft.Flow/flows/36dc9e3e-f3b5-4d25-8354-210308331882","type":"Microsoft.Flow/flows","properties":{"apiId":"/providers/Microsoft.PowerApps/apis/shared_logicflows","displayName":"Enregistrement d'une image","definition":{"metadata":{"workflowEntityId":null,"flowclientsuspensionreason":"None","flowclientsuspensiontime":null,"creator":{"id":"c33f71ff-8b3f-4da4-a620-a5879777e029","type":"User","tenantId":"53fb11bb-1955-4fc9-b08d-f4c0e04122a0"},"provisioningMethod":"FromDefinition","failureAlertSubscription":true,"clientLastModifiedTime":"2021-03-31T13:02:09.6544868Z"},"$schema":"https://schema.management.azure.com/providers/Microsoft.Logic/schemas/2016-06-01/workflowdefinition.json#","contentVersion":"1.0.0.0","parameters":{"$connections":{"defaultValue":{},"type":"Object"},"$authentication":{"defaultValue":{},"type":"SecureObject"}},"triggers":{"manual":{"type":"Request","kind":"PowerApp","inputs":{"schema":{"type":"object","properties":{"Message_Entrées":{"type":"any","description":"Entrées ","x-ms-powerflows-param-ispartial":false},"Heure_Entrées":{"type":"any","description":"Entrées ","x-ms-powerflows-param-ispartial":false},"DisplayName_Valeur":{"type":"string","description":"Entrer la valeur initiale","x-ms-powerflows-param-ispartial":false},"ImageName_Valeur":{"type":"string","description":"Entrer la valeur initiale","x-ms-powerflows-param-ispartial":false}},"required":["Message_Entrées","Heure_Entrées","DisplayName_Valeur","ImageName_Valeur"]}}}},"actions":{"Message":{"runAfter":{},"type":"Compose","inputs":"@dataUriToBinary(triggerBody()['Message_Entrées'])"},"Heure":{"runAfter":{"Message":["Succeeded"]},"type":"Compose","inputs":"@triggerBody()['Heure_Entrées']"},"DisplayName":{"runAfter":{"Heure":["Succeeded"]},"type":"InitializeVariable","inputs":{"variables":[{"name":"_DisplayName","type":"string","value":"@{triggerBody()['DisplayName_Valeur']}"}]}},"ImageName":{"runAfter":{"DisplayName":["Succeeded"]},"type":"InitializeVariable","inputs":{"variables":[{"name":"_ImageName","type":"string","value":"@{triggerBody()['ImageName_Valeur']}"}]}},"Créer_un_fichier":{"runAfter":{"Initialiser_la_variable":["Succeeded"]},"type":"OpenApiConnection","inputs":{"host":{"apiId":"/providers/Microsoft.PowerApps/apis/shared_sharepointonline","connectionName":"shared_sharepointonline_1","operationId":"CreateFile"},"parameters":{"dataset":"https://powerhero.sharepoint.com/sites/Partagedesfactures","folderPath":"@variables('_Path')","name":"@variables('_ImageName')","body":"@outputs('Message')"},"authentication":{"value":"@json(decodeBase64(triggerOutputs().headers['X-MS-APIM-Tokens']))['$ConnectionKey']","type":"Raw"}},"runtimeConfiguration":{"contentTransfer":{"transferMode":"Chunked"}}},"Initialiser_la_variable":{"runAfter":{"ImageName":["Succeeded"]},"type":"InitializeVariable","inputs":{"variables":[{"name":"_Path","type":"string","value":"/Shared Documents/Factures/@{variables('_DisplayName')}/@{formatDateTime(outputs('Heure'),'MM - yyyy')}"}]}}},"outputs":{}},"connectionReferences":{"shared_sharepointonline_1":{"connectionName":"7fc4a8bcd10841cfabe2a94614076f03","source":"Invoker","id":"/providers/Microsoft.PowerApps/apis/shared_sharepointonline","tier":"NotSpecified"}},"flowFailureAlertSubscribed":false}}