{"schemaVersion":"1.0","appDefinitionTemplate":{"id":"/providers/Microsoft.PowerApps/apps/","type":"Microsoft.PowerApps/apps","tags":{"primaryDeviceWidth":"768","primaryDeviceHeight":"1366","sienaVersion":"20210407T090423Z-3.21035.23.0","deviceCapabilities":"webcam","supportsPortrait":"true","supportsLandscape":"false","primaryFormFactor":"Tablet","publisherVersion":"3.21035.23","minimumRequiredApiVersion":"2.2.0","hasComponent":"false","hasUnlockedComponent":"false","isUnifiedRootApp":"false"},"properties":{"appVersion":"2021-04-07T09:04:23Z","lifeCycleId":"Published","createdByClientVersion":{"major":3,"minor":21035,"build":23,"revision":0,"majorRevision":0,"minorRevision":0},"minClientVersion":{"major":3,"minor":21035,"build":23,"revision":0,"majorRevision":0,"minorRevision":0},"backgroundColor":"rgba(0, 176, 240, 1)","backgroundImageUri":"/14140433006815388089/N24ed9f4d-b664-4e9c-bee7-c1e461d6cc90-logoSmallFile","displayName":"Enregistrer une photo sur SharePoint","description":"","commitMessage":"","appUris":{"documentUri":{"value":"/14140433006815388089/Nb8dfc711-43d8-4ae7-91b1-26a5b715292f-document.msapp"},"imageUris":[]},"createdTime":"0001-01-01T00:00:00Z","lastModifiedTime":"0001-01-01T00:00:00Z","sharedGroupsCount":0,"sharedUsersCount":0,"icons":{"smallIconUri":"/14140433006815388089/N94c5766e-f3e4-431b-9314-7a88f53e39c5-small.png","mediumIconUri":"/14140433006815388089/N632564af-7732-49ba-8490-034e42b79afa-medium.png","largeIconUri":"/14140433006815388089/Nd3eb1204-80f5-4cf8-968c-3e21800f277f-large.png","wideIconUri":"/14140433006815388089/N4d67bc28-986a-497a-93ae-0eceb7e37858-wide.png"},"connectionReferences":{"e3407d05-e948-40af-8fca-20542fd6b24d":{"id":"227df0f5-64a7-4888-a6e6-9565447f8862","displayName":"Logic flows","iconUri":"https://connectoricons-prod.azureedge.net/releases/v1.0.1438/1.0.1438.2324/logicflows/icon.png","dataSources":["Enregistrementd'uneimage"],"dependencies":["e8cc9c66-bf6e-40dc-8b17-3f613b5d740d"],"dependents":[],"parameterHints":{"workflowName":{"value":"bcffc786-fbd8-4886-b2df-2fa354925d9a"},"workflowEntityId":{},"e8cc9c66-bf6e-40dc-8b17-3f613b5d740d":{"value":"shared_sharepointonline_1"}},"isOnPremiseConnection":false,"bypassConsent":false,"dataSets":{},"apiTier":"Standard","isCustomApiConnection":false,"actions":["Run"]},"e8cc9c66-bf6e-40dc-8b17-3f613b5d740d":{"id":"2a9f54a1-b210-4ae1-9306-49aec0135dd2","displayName":"SharePoint","iconUri":"https://connectoricons-prod.azureedge.net/releases/v1.0.1458/1.0.1458.2381/sharepointonline/icon.png","dataSources":[],"dependencies":[],"dependents":["e3407d05-e948-40af-8fca-20542fd6b24d"],"parameterHints":{},"isOnPremiseConnection":false,"bypassConsent":false,"dataSets":{},"apiTier":"Standard","isCustomApiConnection":false}},"databaseReferences":{},"almMode":"Environment","performanceOptimizationEnabled":true,"canConsumeAppPass":true,"executionRestrictions":{"isTeamsOnly":false,"dataLossPreventionEvaluationResult":{"status":"Compliant","lastEvaluationDate":"2021-03-31T12:43:13.440665Z","violationDetails":[]}}},"isAppComponentLibrary":false,"appType":"ClassicCanvasApp","appComponents":[]}}